SM15W61	1	/data/martin/genomics/raw/Novogene_August2017_C101HW17060384/SM15W61/SM15W61_DSW44971_H33LTCCXY_L2_1.clean.fq.gz	/data/martin/genomics/raw/Novogene_August2017_C101HW17060384/SM15W61/SM15W61_DSW44971_H33LTCCXY_L2_2.clean.fq.gz
SM15W66	1	/data/martin/genomics/raw/Novogene_August2017_C101HW17060384/SM15W66/SM15W66_DSW44966_H33LTCCXY_L2_1.clean.fq.gz	/data/martin/genomics/raw/Novogene_August2017_C101HW17060384/SM15W66/SM15W66_DSW44966_H33LTCCXY_L2_2.clean.fq.gz
SM15W69	1	/data/martin/genomics/raw/Novogene_danaus2017/SM15W69/W69_DSW31518_HF5KHALXX_L4_1.fq.gz	/data/martin/genomics/raw/Novogene_danaus2017/SM15W69/W69_DSW31518_HF5KHALXX_L4_2.fq.gz
SM15W72	1	/data/martin/genomics/raw/Novogene_August2017_C101HW17060384/SM15W72/SM15W72_DSW44976_H33LTCCXY_L1_1.clean.paired.fq.gz	/data/martin/genomics/raw/Novogene_August2017_C101HW17060384/SM15W72/SM15W72_DSW44976_H33LTCCXY_L1_2.clean.paired.fq.gz
SM15W74	1	/data/martin/genomics/raw/Novogene_danaus2017/SM15W74/W74_DSW31519_HF5KHALXX_L4_1.fq.gz	/data/martin/genomics/raw/Novogene_danaus2017/SM15W74/W74_DSW31519_HF5KHALXX_L4_2.fq.gz
SM18W01	1	/data/martin/genomics/raw/Novogene_Sep2019_C201SC19060075/SM18W01/SM18W01_UKDSW02200-C_HGWY7DSXX_L4_1.first40M.fq.gz	/data/martin/genomics/raw/Novogene_Sep2019_C201SC19060075/SM18W01/SM18W01_UKDSW02200-C_HGWY7DSXX_L4_2.first40M.fq.gz
SM19T001	1	/data/martin/genomics/raw/X204SC22091430-Z01-F001/01.RawData/SM19T001/SM19T001_EKDN220033284-1A_H5GL5DSX5_L3_1.fq.gz	/data/martin/genomics/raw/X204SC22091430-Z01-F001/01.RawData/SM19T001/SM19T001_EKDN220033284-1A_H5GL5DSX5_L3_2.fq.gz
SM19T002	1	/data/martin/genomics/raw/X204SC22091430-Z01-F001/01.RawData/SM19T002/SM19T002_EKDN220033285-1A_H5GL5DSX5_L3_1.fq.gz	/data/martin/genomics/raw/X204SC22091430-Z01-F001/01.RawData/SM19T002/SM19T002_EKDN220033285-1A_H5GL5DSX5_L3_2.fq.gz
SM19T003	1	/data/martin/genomics/raw/X204SC22091430-Z01-F001/01.RawData/SM19T003/SM19T003_EKDN220033286-1A_H5GL5DSX5_L3_1.fq.gz	/data/martin/genomics/raw/X204SC22091430-Z01-F001/01.RawData/SM19T003/SM19T003_EKDN220033286-1A_H5GL5DSX5_L3_2.fq.gz
SM19T005	1	/data/martin/genomics/raw/X204SC22091430-Z01-F001/01.RawData/SM19T005/SM19T005_EKDN220033287-1A_H5GL5DSX5_L3_1.fq.gz	/data/martin/genomics/raw/X204SC22091430-Z01-F001/01.RawData/SM19T005/SM19T005_EKDN220033287-1A_H5GL5DSX5_L3_2.fq.gz
SM19T006	1	/data/martin/genomics/raw/X204SC22091430-Z01-F001/01.RawData/SM19T006/SM19T006_EKDN220033288-1A_H5GL5DSX5_L3_1.fq.gz	/data/martin/genomics/raw/X204SC22091430-Z01-F001/01.RawData/SM19T006/SM19T006_EKDN220033288-1A_H5GL5DSX5_L3_2.fq.gz
SM19T007	1	/data/martin/genomics/raw/Novogene_Jan2020_H204SC19123472/SM19T007/SM19T007_EDSW200000307-1a_HYGJVDSXX_L2_1.fq.gz	/data/martin/genomics/raw/Novogene_Jan2020_H204SC19123472/SM19T007/SM19T007_EDSW200000307-1a_HYGJVDSXX_L2_2.fq.gz
SM19T008	1	/data/martin/genomics/raw/X204SC22091430-Z01-F001/01.RawData/SM19T008/SM19T008_EKDN220033289-1A_H5GL5DSX5_L3_1.fq.gz	/data/martin/genomics/raw/X204SC22091430-Z01-F001/01.RawData/SM19T008/SM19T008_EKDN220033289-1A_H5GL5DSX5_L3_2.fq.gz
SM19T009	1	/data/martin/genomics/raw/X204SC22091430-Z01-F002/01.RawData/SM19T009/SM19T009_EKDN220033290-1A_H7WKWDSX5_L4_1.fq.gz	/data/martin/genomics/raw/X204SC22091430-Z01-F002/01.RawData/SM19T009/SM19T009_EKDN220033290-1A_H7WKWDSX5_L4_2.fq.gz
SM19T009	2	/data/martin/genomics/raw/X204SC22091430-Z01-F002/01.RawData/SM19T009/SM19T009_EKDN220033290-1A_H7WJHDSX5_L3_1.fq.gz	/data/martin/genomics/raw/X204SC22091430-Z01-F002/01.RawData/SM19T009/SM19T009_EKDN220033290-1A_H7WJHDSX5_L3_2.fq.gz
SM19T009	3	/data/martin/genomics/raw/X204SC22091430-Z01-F002/01.RawData/SM19T009/SM19T009_EKDN220033290-1A_H3YGMDSX5_L4_1.fq.gz	/data/martin/genomics/raw/X204SC22091430-Z01-F002/01.RawData/SM19T009/SM19T009_EKDN220033290-1A_H3YGMDSX5_L4_2.fq.gz
SM19T010	1	/data/martin/genomics/raw/X204SC22091430-Z01-F001/01.RawData/SM19T010/SM19T010_EKDN220033291-1A_H5GL5DSX5_L3_1.fq.gz	/data/martin/genomics/raw/X204SC22091430-Z01-F001/01.RawData/SM19T010/SM19T010_EKDN220033291-1A_H5GL5DSX5_L3_2.fq.gz
SM19T010	2	/data/martin/genomics/raw/X204SC22091430-Z01-F001/01.RawData/SM19T010/SM19T010_EKDN220033291-1A_H5F32DSX5_L2_1.fq.gz	/data/martin/genomics/raw/X204SC22091430-Z01-F001/01.RawData/SM19T010/SM19T010_EKDN220033291-1A_H5F32DSX5_L2_2.fq.gz
SM19T011	1	/data/martin/genomics/raw/Novogene_Jan2020_H204SC19123472/SM19T011/SM19T011_EDSW200000308-1a_HYGJVDSXX_L2_1.fq.gz	/data/martin/genomics/raw/Novogene_Jan2020_H204SC19123472/SM19T011/SM19T011_EDSW200000308-1a_HYGJVDSXX_L2_2.fq.gz
SM19T012	1	/data/martin/genomics/raw/X204SC22091430-Z01-F001/01.RawData/SM19T012/SM19T012_EKDN220033292-1A_H5GL5DSX5_L3_1.fq.gz	/data/martin/genomics/raw/X204SC22091430-Z01-F001/01.RawData/SM19T012/SM19T012_EKDN220033292-1A_H5GL5DSX5_L3_2.fq.gz
SM19T014	1	/data/martin/genomics/raw/Novogene_Jan2021_H204SC20113207/X204SC20113207-Z01-F001/raw_data/SM19T014/SM19T014_EDSW200018986-1a_HK55TDSXY_L1_1.fq.gz	/data/martin/genomics/raw/Novogene_Jan2021_H204SC20113207/X204SC20113207-Z01-F001/raw_data/SM19T014/SM19T014_EDSW200018986-1a_HK55TDSXY_L1_2.fq.gz
SM19T015	1	/data/martin/genomics/raw/Novogene_Jan2021_H204SC20113207/X204SC20113207-Z01-F001/raw_data/SM19T015/SM19T015_EDSW200018987-1a_HK55TDSXY_L1_1.fq.gz	/data/martin/genomics/raw/Novogene_Jan2021_H204SC20113207/X204SC20113207-Z01-F001/raw_data/SM19T015/SM19T015_EDSW200018987-1a_HK55TDSXY_L1_2.fq.gz
SM16S03	1	/data/martin/genomics/raw/Novogene_danaus2017/SM16S03/S03_DSW31514_HF72HALXX_L5_1.fq.gz	/data/martin/genomics/raw/Novogene_danaus2017/SM16S03/S03_DSW31514_HF72HALXX_L5_2.fq.gz
SM16S06	1	/data/martin/genomics/raw/Novogene_danaus2017/SM16S06/S06_DSW31515_HF737ALXX_L8_1.fq.gz	/data/martin/genomics/raw/Novogene_danaus2017/SM16S06/S06_DSW31515_HF737ALXX_L8_2.fq.gz
SM16S11	1	/data/martin/genomics/raw/Novogene_August2017_C101HW17060384/SM16S11/SM16S11_DSW44981_H52M7CCXY_L4_1.clean.fq.gz	/data/martin/genomics/raw/Novogene_August2017_C101HW17060384/SM16S11/SM16S11_DSW44981_H52M7CCXY_L4_2.clean.fq.gz
SM16S11	2	/data/martin/genomics/raw/Novogene_August2017_C101HW17060384/SM16S11/SM16S11_DSW44981_H2YVNCCXY_L5_1.clean.fq.gz	/data/martin/genomics/raw/Novogene_August2017_C101HW17060384/SM16S11/SM16S11_DSW44981_H2YVNCCXY_L5_2.clean.fq.gz
SM16S12	1	/data/martin/genomics/raw/Novogene_August2017_C101HW17060384/SM16S12/SM16S12_DSW44980_H355CCCXY_L3_1.clean.fq.gz	/data/martin/genomics/raw/Novogene_August2017_C101HW17060384/SM16S12/SM16S12_DSW44980_H355CCCXY_L3_2.clean.fq.gz
SM16S14	1	/data/martin/genomics/raw/Novogene_August2017_C101HW17060384/SM16S14/SM16S14_DSW44970_H33LTCCXY_L2_1.clean.fq.gz	/data/martin/genomics/raw/Novogene_August2017_C101HW17060384/SM16S14/SM16S14_DSW44970_H33LTCCXY_L2_2.clean.fq.gz
SM16S15	1	/data/martin/genomics/raw/Novogene_August2017_C101HW17060384/SM16S15/SM16S15_DSW44979_H52M7CCXY_L3_1.clean.fq.gz	/data/martin/genomics/raw/Novogene_August2017_C101HW17060384/SM16S15/SM16S15_DSW44979_H52M7CCXY_L3_2.clean.fq.gz
SM16S15	2	/data/martin/genomics/raw/Novogene_August2017_C101HW17060384/SM16S15/SM16S15_DSW44979_H2YVNCCXY_L5_2.clean.fq.gz	/data/martin/genomics/raw/Novogene_August2017_C101HW17060384/SM16S15/SM16S15_DSW44979_H2YVNCCXY_L5_1.clean.fq.gz
SM17S01	1	/data/martin/genomics/raw/Novogene_August2017_C101HW17060384/SM17S01/SM17S01_DSW44989_H355CCCXY_L3_1.clean.fq.gz	/data/martin/genomics/raw/Novogene_August2017_C101HW17060384/SM17S01/SM17S01_DSW44989_H355CCCXY_L3_2.clean.fq.gz
SM21SP01	1	/data/martin/genomics/raw/X204SC22091430-Z01-F001/01.RawData/SM21SP01/SM21SP01_EKDN220033361-1A_H5J5MDSX5_L3_1.fq.gz	/data/martin/genomics/raw/X204SC22091430-Z01-F001/01.RawData/SM21SP01/SM21SP01_EKDN220033361-1A_H5J5MDSX5_L3_2.fq.gz
SM21SP04	1	/data/martin/genomics/raw/X204SC22091430-Z01-F001/01.RawData/SM21SP04/SM21SP04_EKDN220033362-1A_H5J5MDSX5_L3_1.fq.gz	/data/martin/genomics/raw/X204SC22091430-Z01-F001/01.RawData/SM21SP04/SM21SP04_EKDN220033362-1A_H5J5MDSX5_L3_2.fq.gz
SM21SP06	1	/data/martin/genomics/raw/Novogene_Jan2022_X204SC22010740-Z01-F001/raw_data/SM21SP06/SM21SP06_EDSW220000304-2a_H23TWDSX3_L1_1.fq.gz	/data/martin/genomics/raw/Novogene_Jan2022_X204SC22010740-Z01-F001/raw_data/SM21SP06/SM21SP06_EDSW220000304-2a_H23TWDSX3_L1_2.fq.gz
SM21SP07	1	/data/martin/genomics/raw/Novogene_Jan2022_X204SC22010740-Z01-F001/raw_data/SM21SP07/SM21SP07_EDSW220000305-2a_H23TWDSX3_L1_1.fq.gz	/data/martin/genomics/raw/Novogene_Jan2022_X204SC22010740-Z01-F001/raw_data/SM21SP07/SM21SP07_EDSW220000305-2a_H23TWDSX3_L1_2.fq.gz
SM21SP08	1	/data/martin/genomics/raw/Novogene_Jan2022_X204SC22010740-Z01-F001/raw_data/SM21SP08/SM21SP08_EDSW220000306-2a_H23TWDSX3_L1_1.fq.gz	/data/martin/genomics/raw/Novogene_Jan2022_X204SC22010740-Z01-F001/raw_data/SM21SP08/SM21SP08_EDSW220000306-2a_H23TWDSX3_L1_2.fq.gz
SM21SP09	1	/data/martin/genomics/raw/Novogene_Jan2022_X204SC22010740-Z01-F001/raw_data/SM21SP09/SM21SP09_EDSW220000307-2a_H23TWDSX3_L1_1.fq.gz	/data/martin/genomics/raw/Novogene_Jan2022_X204SC22010740-Z01-F001/raw_data/SM21SP09/SM21SP09_EDSW220000307-2a_H23TWDSX3_L1_2.fq.gz
SM21SP10	1	/data/martin/genomics/raw/X204SC22091430-Z01-F001/01.RawData/SM21SP10/SM21SP10_EKDN220033363-1A_H5J5MDSX5_L3_1.fq.gz	/data/martin/genomics/raw/X204SC22091430-Z01-F001/01.RawData/SM21SP10/SM21SP10_EKDN220033363-1A_H5J5MDSX5_L3_2.fq.gz
SM21SP12	1	/data/martin/genomics/raw/X204SC22091430-Z01-F001/01.RawData/SM21SP12/SM21SP12_EKDN220033364-1A_H5J5MDSX5_L3_1.fq.gz	/data/martin/genomics/raw/X204SC22091430-Z01-F001/01.RawData/SM21SP12/SM21SP12_EKDN220033364-1A_H5J5MDSX5_L3_2.fq.gz
SM20BE01	1	/data/martin/genomics/raw/Novogene_July2021_X204SC21061727/raw_data/SM20BE01/SM20BE01_EDSW210008702-1a_HHJKGDSX2_L1_1.fq.gz	/data/martin/genomics/raw/Novogene_July2021_X204SC21061727/raw_data/SM20BE01/SM20BE01_EDSW210008702-1a_HHJKGDSX2_L1_2.fq.gz
SM21BE01	1	/data/martin/genomics/raw/Novogene_Jan2022_X204SC22010740-Z01-F001/raw_data/SM21BE01/SM21BE01_EDSW220000303-2a_H23TWDSX3_L1_1.fq.gz	/data/martin/genomics/raw/Novogene_Jan2022_X204SC22010740-Z01-F001/raw_data/SM21BE01/SM21BE01_EDSW220000303-2a_H23TWDSX3_L1_2.fq.gz
SM21BE02	1	/data/martin/genomics/raw/X204SC22091430-Z01-F001/01.RawData/SM21BE02/SM21BE02_EKDN220033365-1A_H5J5MDSX5_L3_1.fq.gz	/data/martin/genomics/raw/X204SC22091430-Z01-F001/01.RawData/SM21BE02/SM21BE02_EKDN220033365-1A_H5J5MDSX5_L3_2.fq.gz
SM21BE03	1	/data/martin/genomics/raw/X204SC22091430-Z01-F001/01.RawData/SM21BE03/SM21BE03_EKDN220033366-1A_H5J5MDSX5_L3_1.fq.gz	/data/martin/genomics/raw/X204SC22091430-Z01-F001/01.RawData/SM21BE03/SM21BE03_EKDN220033366-1A_H5J5MDSX5_L3_2.fq.gz
SM21BE04	1	/data/martin/genomics/raw/X204SC22091430-Z01-F001/01.RawData/SM21BE04/SM21BE04_EKDN220033367-1A_H5J5MDSX5_L3_1.fq.gz	/data/martin/genomics/raw/X204SC22091430-Z01-F001/01.RawData/SM21BE04/SM21BE04_EKDN220033367-1A_H5J5MDSX5_L3_2.fq.gz
SM21TS03	1	/data/martin/genomics/raw/X204SC22091430-Z01-F001/01.RawData/SM21TS03/SM21TS03_EKDN220033358-1A_H5J5MDSX5_L3_1.fq.gz	/data/martin/genomics/raw/X204SC22091430-Z01-F001/01.RawData/SM21TS03/SM21TS03_EKDN220033358-1A_H5J5MDSX5_L3_2.fq.gz
SM21TS05	1	/data/martin/genomics/raw/X204SC22091430-Z01-F002/01.RawData/SM21TS05/SM21TS05_EKDN220033359-1A_H5CKGDSX5_L1_1.fq.gz	/data/martin/genomics/raw/X204SC22091430-Z01-F002/01.RawData/SM21TS05/SM21TS05_EKDN220033359-1A_H5CKGDSX5_L1_2.fq.gz
SM21TS16	1	/data/martin/genomics/raw/Novogene_Jan2022_X204SC22010740-Z01-F001/raw_data/SM21TS16/SM21TS16_EDSW220000308-2a_H23TWDSX3_L1_1.fq.gz	/data/martin/genomics/raw/Novogene_Jan2022_X204SC22010740-Z01-F001/raw_data/SM21TS16/SM21TS16_EDSW220000308-2a_H23TWDSX3_L1_2.fq.gz
SM21TS33	1	/data/martin/genomics/raw/Novogene_Jan2022_X204SC22010740-Z01-F001/raw_data/SM21TS33/SM21TS33_EDSW220000309-2a_H23TWDSX3_L2_1.fq.gz	/data/martin/genomics/raw/Novogene_Jan2022_X204SC22010740-Z01-F001/raw_data/SM21TS33/SM21TS33_EDSW220000309-2a_H23TWDSX3_L2_2.fq.gz
SM21TS34	1	/data/martin/genomics/raw/Novogene_Jan2022_X204SC22010740-Z01-F001/raw_data/SM21TS34/SM21TS34_EDSW220000310-1a_HWHM2DSX2_L1_1.fq.gz	/data/martin/genomics/raw/Novogene_Jan2022_X204SC22010740-Z01-F001/raw_data/SM21TS34/SM21TS34_EDSW220000310-1a_HWHM2DSX2_L1_2.fq.gz
SM21TS35	1	/data/martin/genomics/raw/X204SC22091430-Z01-F001/01.RawData/SM21TS35/SM21TS35_EKDN220033360-1A_H5GL5DSX5_L3_1.fq.gz	/data/martin/genomics/raw/X204SC22091430-Z01-F001/01.RawData/SM21TS35/SM21TS35_EKDN220033360-1A_H5GL5DSX5_L3_2.fq.gz
SM21TS36	1	/data/martin/genomics/raw/Novogene_Jan2022_X204SC22010740-Z01-F001/raw_data/SM21TS36/SM21TS36_EDSW220000311-1a_HWVH5DSX2_L3_1.fq.gz	/data/martin/genomics/raw/Novogene_Jan2022_X204SC22010740-Z01-F001/raw_data/SM21TS36/SM21TS36_EDSW220000311-1a_HWVH5DSX2_L3_2.fq.gz
SM21TS36	2	/data/martin/genomics/raw/Novogene_Jan2022_X204SC22010740-Z01-F001/raw_data/SM21TS36/SM21TS36_EDSW220000311-1a_HWHM2DSX2_L2_1.fq.gz	/data/martin/genomics/raw/Novogene_Jan2022_X204SC22010740-Z01-F001/raw_data/SM21TS36/SM21TS36_EDSW220000311-1a_HWHM2DSX2_L2_2.fq.gz
SM17H01	1	/data/martin/genomics/raw/Novogene_Jan2020_H204SC19123472/SM17H01/SM17H01_EDSW200000302-1a_HYG2CDSXX_L1_1.fq.gz	/data/martin/genomics/raw/Novogene_Jan2020_H204SC19123472/SM17H01/SM17H01_EDSW200000302-1a_HYG2CDSXX_L1_2.fq.gz
SM17H01	2	/data/martin/genomics/raw/Novogene_Jan2020_H204SC19123472/SM17H01/SM17H01_EDSW200000302-1a_HYGJVDSXX_L2_1.fq.gz	/data/martin/genomics/raw/Novogene_Jan2020_H204SC19123472/SM17H01/SM17H01_EDSW200000302-1a_HYGJVDSXX_L2_2.fq.gz
SM17H02	1	/data/martin/genomics/raw/Novogene_Jan2020_H204SC19123472/SM17H02/SM17H02_EDSW200000303-1a_HYGJVDSXX_L2_1.fq.gz	/data/martin/genomics/raw/Novogene_Jan2020_H204SC19123472/SM17H02/SM17H02_EDSW200000303-1a_HYGJVDSXX_L2_2.fq.gz
SM17H03	1	/data/martin/genomics/raw/Novogene_Sep2019_C201SC19060075/SM17H03/SM17H03_UKDSW02728_HGWKJDSXX_L1_1.fq.gz	/data/martin/genomics/raw/Novogene_Sep2019_C201SC19060075/SM17H03/SM17H03_UKDSW02728_HGWKJDSXX_L1_2.fq.gz
SM17H04	1	/data/martin/genomics/raw/Novogene_Sep2019_C201SC19060075/SM17H04/SM17H04_UKDSW02729_HGWKJDSXX_L1_1.fq.gz	/data/martin/genomics/raw/Novogene_Sep2019_C201SC19060075/SM17H04/SM17H04_UKDSW02729_HGWKJDSXX_L1_2.fq.gz
SM17H05	1	/data/martin/genomics/raw/Novogene_Jan2021_H204SC20113207/X204SC20113207-Z01-F001/raw_data/SM17H05/SM17H05_EDSW200018973-1a_HK55TDSXY_L1_1.fq.gz	/data/martin/genomics/raw/Novogene_Jan2021_H204SC20113207/X204SC20113207-Z01-F001/raw_data/SM17H05/SM17H05_EDSW200018973-1a_HK55TDSXY_L1_2.fq.gz
SM17H07	1	/data/martin/genomics/raw/Novogene_Jan2021_H204SC20113207/X204SC20113207-Z01-F001/raw_data/SM17H07/SM17H07_EDSW200018975-1a_HK55TDSXY_L1_1.fq.gz	/data/martin/genomics/raw/Novogene_Jan2021_H204SC20113207/X204SC20113207-Z01-F001/raw_data/SM17H07/SM17H07_EDSW200018975-1a_HK55TDSXY_L1_2.fq.gz
SM16N01	1	/data/martin/genomics/raw/Novogene_August2017_C101HW17060384/SM16N01/SM16N01_DSW44968_H33LTCCXY_L2_1.clean.fq.gz	/data/martin/genomics/raw/Novogene_August2017_C101HW17060384/SM16N01/SM16N01_DSW44968_H33LTCCXY_L2_2.clean.fq.gz
SM16N04	1	/data/martin/genomics/raw/Novogene_danaus2017/SM16N04/N04_DSW31516_HF737ALXX_L8_1.fq.gz	/data/martin/genomics/raw/Novogene_danaus2017/SM16N04/N04_DSW31516_HF737ALXX_L8_2.fq.gz
SM16N05	1	/data/martin/genomics/raw/Novogene_August2017_C101HW17060384/SM16N05/SM16N05_DSW44977_H33LTCCXY_L2_1.clean.fq.gz	/data/martin/genomics/raw/Novogene_August2017_C101HW17060384/SM16N05/SM16N05_DSW44977_H33LTCCXY_L2_2.clean.fq.gz
SM16N06	1	/data/martin/genomics/raw/Novogene_danaus2017/SM16N06/N06_DSW31517_HF5KHALXX_L4_1.fq.gz	/data/martin/genomics/raw/Novogene_danaus2017/SM16N06/N06_DSW31517_HF5KHALXX_L4_2.fq.gz
SM16N20	1	/data/martin/genomics/raw/Novogene_August2017_C101HW17060384/SM16N20/SM16N20_DSW44964_H3533CCXY_L5_1.clean.fq.gz	/data/martin/genomics/raw/Novogene_August2017_C101HW17060384/SM16N20/SM16N20_DSW44964_H3533CCXY_L5_2.clean.fq.gz
SM16N37	1	/data/martin/genomics/raw/Novogene_August2017_C101HW17060384/SM16N37/SM16N37_DSW44975_H33LTCCXY_L1_1.clean.fq.gz	/data/martin/genomics/raw/Novogene_August2017_C101HW17060384/SM16N37/SM16N37_DSW44975_H33LTCCXY_L1_2.clean.fq.gz
OBGHA0010	1	/data/martin/genomics/raw/Novogene_Jan2022_X204SC22010740-Z01-F001/raw_data/OBGHA0010/OBGHA0010_EDSW220000293-2a_H23TWDSX3_L1_1.fq.gz	/data/martin/genomics/raw/Novogene_Jan2022_X204SC22010740-Z01-F001/raw_data/OBGHA0010/OBGHA0010_EDSW220000293-2a_H23TWDSX3_L1_2.fq.gz
OBGHA0205	1	/data/martin/genomics/raw/Novogene_Jan2022_X204SC22010740-Z01-F001/raw_data/OBGHA0205/OBGHA0205_EDSW220000294-2a_H23TWDSX3_L1_1.fq.gz	/data/martin/genomics/raw/Novogene_Jan2022_X204SC22010740-Z01-F001/raw_data/OBGHA0205/OBGHA0205_EDSW220000294-2a_H23TWDSX3_L1_2.fq.gz
OBGHA0540	1	/data/martin/genomics/raw/Novogene_Jan2022_X204SC22010740-Z01-F001/raw_data/OBGHA0540/OBGHA0540_EDSW220000295-2a_H23TWDSX3_L1_1.fq.gz	/data/martin/genomics/raw/Novogene_Jan2022_X204SC22010740-Z01-F001/raw_data/OBGHA0540/OBGHA0540_EDSW220000295-2a_H23TWDSX3_L1_2.fq.gz
OBGHA0542	1	/data/martin/genomics/raw/Novogene_Jan2022_X204SC22010740-Z01-F001/raw_data/OBGHA0542/OBGHA0542_EDSW220000296-2a_H23TWDSX3_L1_1.fq.gz	/data/martin/genomics/raw/Novogene_Jan2022_X204SC22010740-Z01-F001/raw_data/OBGHA0542/OBGHA0542_EDSW220000296-2a_H23TWDSX3_L1_2.fq.gz
IG19G105	1	/data/martin/genomics/raw/X204SC22091430-Z01-F001/01.RawData/IG19G105/IG19G105_EKDN220033368-1A_H5J5MDSX5_L3_1.fq.gz	/data/martin/genomics/raw/X204SC22091430-Z01-F001/01.RawData/IG19G105/IG19G105_EKDN220033368-1A_H5J5MDSX5_L3_2.fq.gz
IG19G114	1	/data/martin/genomics/raw/Novogene_Jan2020_H204SC19123472/IG19G114/IG19G114_EDSW200000315-1a_HYGJVDSXX_L2_1.fq.gz	/data/martin/genomics/raw/Novogene_Jan2020_H204SC19123472/IG19G114/IG19G114_EDSW200000315-1a_HYGJVDSXX_L2_2.fq.gz
SM17FV04	1	/data/martin/genomics/raw/Novogene_Sep2019_C201SC19060075/SM17FV04/SM17FV04_UKDSW02207-C_HGWY7DSXX_L4_1.fq.gz	/data/martin/genomics/raw/Novogene_Sep2019_C201SC19060075/SM17FV04/SM17FV04_UKDSW02207-C_HGWY7DSXX_L4_2.fq.gz
SM17FV05	1	/data/martin/genomics/raw/X204SC22091430-Z01-F001/01.RawData/SM17FV05/SM17FV05_EKDN220033279-1A_HCMCFDSX5_L2_1.fq.gz	/data/martin/genomics/raw/X204SC22091430-Z01-F001/01.RawData/SM17FV05/SM17FV05_EKDN220033279-1A_HCMCFDSX5_L2_2.fq.gz
SM17FV11	1	/data/martin/genomics/raw/Novogene_Sep2019_C201SC19060075/SM17FV11/SM17FV11_UKDSW02208_HGV2GDSXX_L4_1.fq.gz	/data/martin/genomics/raw/Novogene_Sep2019_C201SC19060075/SM17FV11/SM17FV11_UKDSW02208_HGV2GDSXX_L4_2.fq.gz
RV12N317	1	/data/martin/genomics/raw/Novogene_August2017_C101HW17060384/RV12N317/RV12N317_DSW44978_H2YVNCCXY_L5_1.clean.fq.gz	/data/martin/genomics/raw/Novogene_August2017_C101HW17060384/RV12N317/RV12N317_DSW44978_H2YVNCCXY_L5_2.clean.fq.gz
RV12N317	2	/data/martin/genomics/raw/Novogene_August2017_C101HW17060384/RV12N317/RV12N317_DSW44978_H52M7CCXY_L3_1.clean.fq.gz	/data/martin/genomics/raw/Novogene_August2017_C101HW17060384/RV12N317/RV12N317_DSW44978_H52M7CCXY_L3_2.clean.fq.gz
SM19SY01	1	/data/martin/genomics/raw/Novogene_Jan2020_H204SC19123472/SM19SY01/SM19SY01_EDSW200000305-1a_HYGJVDSXX_L2_1.fq.gz	/data/martin/genomics/raw/Novogene_Jan2020_H204SC19123472/SM19SY01/SM19SY01_EDSW200000305-1a_HYGJVDSXX_L2_2.fq.gz
SM19SY02	1	/data/martin/genomics/raw/Novogene_Jan2022_X204SC22010740-Z01-F001/raw_data/SM19SY02/SM19SY02_EDSW220000301-2a_H23TWDSX3_L1_1.fq.gz	/data/martin/genomics/raw/Novogene_Jan2022_X204SC22010740-Z01-F001/raw_data/SM19SY02/SM19SY02_EDSW220000301-2a_H23TWDSX3_L1_2.fq.gz
SM19SY03	1	/data/martin/genomics/raw/Novogene_Jan2021_H204SC20113207/X204SC20113207-Z01-F001/raw_data/SM19SY03/SM19SY03_EDSW200018979-1a_HK55TDSXY_L1_1.fq.gz	/data/martin/genomics/raw/Novogene_Jan2021_H204SC20113207/X204SC20113207-Z01-F001/raw_data/SM19SY03/SM19SY03_EDSW200018979-1a_HK55TDSXY_L1_2.fq.gz
SM19SY05	1	/data/martin/genomics/raw/Novogene_Jan2022_X204SC22010740-Z01-F001/raw_data/SM19SY05/SM19SY05_EDSW220000302-2a_H23TWDSX3_L1_1.fq.gz	/data/martin/genomics/raw/Novogene_Jan2022_X204SC22010740-Z01-F001/raw_data/SM19SY05/SM19SY05_EDSW220000302-2a_H23TWDSX3_L1_2.fq.gz
SM19SY06	1	/data/martin/genomics/raw/Novogene_Jan2020_H204SC19123472/SM19SY06/SM19SY06_EDSW200000306-1a_HYGJVDSXX_L2_1.fq.gz	/data/martin/genomics/raw/Novogene_Jan2020_H204SC19123472/SM19SY06/SM19SY06_EDSW200000306-1a_HYGJVDSXX_L2_2.fq.gz
SM17P01	1	/data/martin/genomics/raw/Novogene_August2017_C101HW17060384/SM17P01/SM17P01_DSW44982_H355CCCXY_L3_1.clean.fq.gz	/data/martin/genomics/raw/Novogene_August2017_C101HW17060384/SM17P01/SM17P01_DSW44982_H355CCCXY_L3_2.clean.fq.gz
SM17R23	1	/data/martin/genomics/raw/Novogene_Sep2019_C201SC19060075/SM17R23/SM17R23_EDSW190027016-1a_HJFTHDSXX_L1_1.fq.gz	/data/martin/genomics/raw/Novogene_Sep2019_C201SC19060075/SM17R23/SM17R23_EDSW190027016-1a_HJFTHDSXX_L1_2.fq.gz
SM17R23	2	/data/martin/genomics/raw/Novogene_Sep2019_C201SC19060075/SM17R23/SM17R23_EDSW190027016-1a_HJFGTDSXX_L3_1.fq.gz	/data/martin/genomics/raw/Novogene_Sep2019_C201SC19060075/SM17R23/SM17R23_EDSW190027016-1a_HJFGTDSXX_L3_2.fq.gz
IG17NY001	1	/data/martin/genomics/raw/Novogene_Jan2020_H204SC19123472/IG17NY001/IG17NY001_EDSW200000304-1a_HYGJVDSXX_L2_1.fq.gz	/data/martin/genomics/raw/Novogene_Jan2020_H204SC19123472/IG17NY001/IG17NY001_EDSW200000304-1a_HYGJVDSXX_L2_2.fq.gz
SM18R001	1	/data/martin/genomics/raw/Novogene_Sep2019_C201SC19060075/SM18R001/SM18R001_UKDSW02210-C_HGWY7DSXX_L4_1.fq.gz	/data/martin/genomics/raw/Novogene_Sep2019_C201SC19060075/SM18R001/SM18R001_UKDSW02210-C_HGWY7DSXX_L4_2.fq.gz
SM18R012	1	/data/martin/genomics/raw/Novogene_Jan2021_H204SC20113207/X204SC20113207-Z01-F001/raw_data/SM18R012/SM18R012_EDSW200018977-1a_HK55TDSXY_L1_1.fq.gz	/data/martin/genomics/raw/Novogene_Jan2021_H204SC20113207/X204SC20113207-Z01-F001/raw_data/SM18R012/SM18R012_EDSW200018977-1a_HK55TDSXY_L1_2.fq.gz
SM18R012	2	/data/martin/genomics/raw/Novogene_Jan2021_H204SC20113207/X204SC20113207-Z01-F001/raw_data/SM18R012/SM18R012_EDSW200018977-1a_HNKLWDSXY_L2_1.fq.gz	/data/martin/genomics/raw/Novogene_Jan2021_H204SC20113207/X204SC20113207-Z01-F001/raw_data/SM18R012/SM18R012_EDSW200018977-1a_HNKLWDSXY_L2_2.fq.gz
IG18RN01	1	/data/martin/genomics/raw/Novogene_Sep2019_C201SC19060075/IG18RN01/IG18RN01_UKDSW02211-1_HJ2J2DSXX_L2_1.fq.gz	/data/martin/genomics/raw/Novogene_Sep2019_C201SC19060075/IG18RN01/IG18RN01_UKDSW02211-1_HJ2J2DSXX_L2_2.fq.gz
IG18RN02	1	/data/martin/genomics/raw/Novogene_Sep2019_C201SC19060075/IG18RN02/IG18RN02_UKDSW02212-C-1_HHWV3DSXX_L3_1.fq.gz	/data/martin/genomics/raw/Novogene_Sep2019_C201SC19060075/IG18RN02/IG18RN02_UKDSW02212-C-1_HHWV3DSXX_L3_2.fq.gz
IG20NY001	1	/data/martin/genomics/raw/X204SC22091430-Z01-F001/01.RawData/IG20NY001/IG20NY001_EKDN220033303-1A_H5GL5DSX5_L3_1.fq.gz	/data/martin/genomics/raw/X204SC22091430-Z01-F001/01.RawData/IG20NY001/IG20NY001_EKDN220033303-1A_H5GL5DSX5_L3_2.fq.gz
IG20NY003	1	/data/martin/genomics/raw/X204SC22091430-Z01-F002/01.RawData/IG20NY003/IG20NY003_EKDN220033304-1A_H3YGMDSX5_L4_1.fq.gz	/data/martin/genomics/raw/X204SC22091430-Z01-F002/01.RawData/IG20NY003/IG20NY003_EKDN220033304-1A_H3YGMDSX5_L4_2.fq.gz
IG20NY003	2	/data/martin/genomics/raw/X204SC22091430-Z01-F002/01.RawData/IG20NY003/IG20NY003_EKDN220033304-1A_H7WKWDSX5_L4_1.fq.gz	/data/martin/genomics/raw/X204SC22091430-Z01-F002/01.RawData/IG20NY003/IG20NY003_EKDN220033304-1A_H7WKWDSX5_L4_2.fq.gz
IG20NY006	1	/data/martin/genomics/raw/X204SC22091430-Z01-F001/01.RawData/IG20NY006/IG20NY006_EKDN220033305-1A_H5GL5DSX5_L3_1.fq.gz	/data/martin/genomics/raw/X204SC22091430-Z01-F001/01.RawData/IG20NY006/IG20NY006_EKDN220033305-1A_H5GL5DSX5_L3_2.fq.gz
IG20NY009	1	/data/martin/genomics/raw/X204SC22091430-Z01-F001/01.RawData/IG20NY009/IG20NY009_EKDN220033306-1A_H5GL5DSX5_L3_1.fq.gz	/data/martin/genomics/raw/X204SC22091430-Z01-F001/01.RawData/IG20NY009/IG20NY009_EKDN220033306-1A_H5GL5DSX5_L3_2.fq.gz
IG20NY012	1	/data/martin/genomics/raw/X204SC22091430-Z01-F001/01.RawData/IG20NY012/IG20NY012_EKDN220033308-1A_H5GL5DSX5_L3_1.fq.gz	/data/martin/genomics/raw/X204SC22091430-Z01-F001/01.RawData/IG20NY012/IG20NY012_EKDN220033308-1A_H5GL5DSX5_L3_2.fq.gz
IG20NY014	1	/data/martin/genomics/raw/X204SC22091430-Z01-F002/01.RawData/IG20NY014/IG20NY014_EKDN220033310-1A_H3YGMDSX5_L4_1.fq.gz	/data/martin/genomics/raw/X204SC22091430-Z01-F002/01.RawData/IG20NY014/IG20NY014_EKDN220033310-1A_H3YGMDSX5_L4_2.fq.gz
IG20NY014	2	/data/martin/genomics/raw/X204SC22091430-Z01-F002/01.RawData/IG20NY014/IG20NY014_EKDN220033310-1A_H7WKWDSX5_L4_1.fq.gz	/data/martin/genomics/raw/X204SC22091430-Z01-F002/01.RawData/IG20NY014/IG20NY014_EKDN220033310-1A_H7WKWDSX5_L4_2.fq.gz
IG20NY015	1	/data/martin/genomics/raw/X204SC22091430-Z01-F001/01.RawData/IG20NY015/IG20NY015_EKDN220033311-1A_H5GL5DSX5_L3_1.fq.gz	/data/martin/genomics/raw/X204SC22091430-Z01-F001/01.RawData/IG20NY015/IG20NY015_EKDN220033311-1A_H5GL5DSX5_L3_2.fq.gz
IG20NY016	1	/data/martin/genomics/raw/X204SC22091430-Z01-F001/01.RawData/IG20NY016/IG20NY016_EKDN220033312-1A_H5GL5DSX5_L3_1.fq.gz	/data/martin/genomics/raw/X204SC22091430-Z01-F001/01.RawData/IG20NY016/IG20NY016_EKDN220033312-1A_H5GL5DSX5_L3_2.fq.gz
IG20NY017	1	/data/martin/genomics/raw/X204SC22091430-Z01-F001/01.RawData/IG20NY017/IG20NY017_EKDN220033313-1A_H5GL5DSX5_L3_1.fq.gz	/data/martin/genomics/raw/X204SC22091430-Z01-F001/01.RawData/IG20NY017/IG20NY017_EKDN220033313-1A_H5GL5DSX5_L3_2.fq.gz
IG20NY018	1	/data/martin/genomics/raw/X204SC22091430-Z01-F001/01.RawData/IG20NY018/IG20NY018_EKDN220033314-1A_H5GL5DSX5_L3_1.fq.gz	/data/martin/genomics/raw/X204SC22091430-Z01-F001/01.RawData/IG20NY018/IG20NY018_EKDN220033314-1A_H5GL5DSX5_L3_2.fq.gz
IG20NY019	1	/data/martin/genomics/raw/X204SC22091430-Z01-F001/01.RawData/IG20NY019/IG20NY019_EKDN220033315-1A_H5GL5DSX5_L3_1.fq.gz	/data/martin/genomics/raw/X204SC22091430-Z01-F001/01.RawData/IG20NY019/IG20NY019_EKDN220033315-1A_H5GL5DSX5_L3_2.fq.gz
IG20NY020	1	/data/martin/genomics/raw/X204SC22091430-Z01-F001/01.RawData/IG20NY020/IG20NY020_EKDN220033316-1A_H5J5MDSX5_L3_1.fq.gz	/data/martin/genomics/raw/X204SC22091430-Z01-F001/01.RawData/IG20NY020/IG20NY020_EKDN220033316-1A_H5J5MDSX5_L3_2.fq.gz
IG20NY021	1	/data/martin/genomics/raw/X204SC22091430-Z01-F001/01.RawData/IG20NY021/IG20NY021_EKDN220033317-1A_H5J5MDSX5_L3_1.fq.gz	/data/martin/genomics/raw/X204SC22091430-Z01-F001/01.RawData/IG20NY021/IG20NY021_EKDN220033317-1A_H5J5MDSX5_L3_2.fq.gz
IG20NY023	1	/data/martin/genomics/raw/X204SC22091430-Z01-F002/01.RawData/IG20NY023/IG20NY023_EKDN220033319-1A_H5CKGDSX5_L1_1.fq.gz	/data/martin/genomics/raw/X204SC22091430-Z01-F002/01.RawData/IG20NY023/IG20NY023_EKDN220033319-1A_H5CKGDSX5_L1_2.fq.gz
IG20NY024	1	/data/martin/genomics/raw/X204SC22091430-Z01-F001/01.RawData/IG20NY024/IG20NY024_EKDN220033320-1A_H5J5MDSX5_L3_1.fq.gz	/data/martin/genomics/raw/X204SC22091430-Z01-F001/01.RawData/IG20NY024/IG20NY024_EKDN220033320-1A_H5J5MDSX5_L3_2.fq.gz
IG20NY025	1	/data/martin/genomics/raw/X204SC22091430-Z01-F001/01.RawData/IG20NY025/IG20NY025_EKDN220033321-1A_H5J5MDSX5_L3_1.fq.gz	/data/martin/genomics/raw/X204SC22091430-Z01-F001/01.RawData/IG20NY025/IG20NY025_EKDN220033321-1A_H5J5MDSX5_L3_2.fq.gz
IG20NY026	1	/data/martin/genomics/raw/X204SC22091430-Z01-F001/01.RawData/IG20NY026/IG20NY026_EKDN220033322-1A_H5J5MDSX5_L3_1.fq.gz	/data/martin/genomics/raw/X204SC22091430-Z01-F001/01.RawData/IG20NY026/IG20NY026_EKDN220033322-1A_H5J5MDSX5_L3_2.fq.gz
IG20NY029	1	/data/martin/genomics/raw/X204SC22091430-Z01-F001/01.RawData/IG20NY029/IG20NY029_EKDN220033323-1A_H5J5MDSX5_L3_1.fq.gz	/data/martin/genomics/raw/X204SC22091430-Z01-F001/01.RawData/IG20NY029/IG20NY029_EKDN220033323-1A_H5J5MDSX5_L3_2.fq.gz
IG20NY030	1	/data/martin/genomics/raw/X204SC22091430-Z01-F001/01.RawData/IG20NY030/IG20NY030_EKDN220033324-1A_H5J5MDSX5_L3_1.fq.gz	/data/martin/genomics/raw/X204SC22091430-Z01-F001/01.RawData/IG20NY030/IG20NY030_EKDN220033324-1A_H5J5MDSX5_L3_2.fq.gz
IG20NY031	1	/data/martin/genomics/raw/X204SC22091430-Z01-F001/01.RawData/IG20NY031/IG20NY031_EKDN220033325-1A_H5J5MDSX5_L3_1.fq.gz	/data/martin/genomics/raw/X204SC22091430-Z01-F001/01.RawData/IG20NY031/IG20NY031_EKDN220033325-1A_H5J5MDSX5_L3_2.fq.gz
IG20NY032	1	/data/martin/genomics/raw/X204SC22091430-Z01-F002/01.RawData/IG20NY032/IG20NY032_EKDN220033326-1A_H5CKGDSX5_L1_1.fq.gz	/data/martin/genomics/raw/X204SC22091430-Z01-F002/01.RawData/IG20NY032/IG20NY032_EKDN220033326-1A_H5CKGDSX5_L1_2.fq.gz
IG20NY033	1	/data/martin/genomics/raw/X204SC22091430-Z01-F001/01.RawData/IG20NY033/IG20NY033_EKDN220033327-1A_H5GL5DSX5_L3_1.fq.gz	/data/martin/genomics/raw/X204SC22091430-Z01-F001/01.RawData/IG20NY033/IG20NY033_EKDN220033327-1A_H5GL5DSX5_L3_2.fq.gz
IG20NY034	1	/data/martin/genomics/raw/X204SC22091430-Z01-F001/01.RawData/IG20NY034/IG20NY034_EKDN220033328-1A_H5HJMDSX5_L1_1.fq.gz	/data/martin/genomics/raw/X204SC22091430-Z01-F001/01.RawData/IG20NY034/IG20NY034_EKDN220033328-1A_H5HJMDSX5_L1_2.fq.gz
IG20NY035	1	/data/martin/genomics/raw/X204SC22091430-Z01-F001/01.RawData/IG20NY035/IG20NY035_EKDN220033329-1A_H5J5MDSX5_L3_1.fq.gz	/data/martin/genomics/raw/X204SC22091430-Z01-F001/01.RawData/IG20NY035/IG20NY035_EKDN220033329-1A_H5J5MDSX5_L3_2.fq.gz
IG20NY036	1	/data/martin/genomics/raw/X204SC22091430-Z01-F001/01.RawData/IG20NY036/IG20NY036_EKDN220033330-1A_H5J5MDSX5_L3_1.fq.gz	/data/martin/genomics/raw/X204SC22091430-Z01-F001/01.RawData/IG20NY036/IG20NY036_EKDN220033330-1A_H5J5MDSX5_L3_2.fq.gz
IG20NY039	1	/data/martin/genomics/raw/X204SC22091430-Z01-F001/01.RawData/IG20NY039/IG20NY039_EKDN220033331-1A_H5J5MDSX5_L3_1.fq.gz	/data/martin/genomics/raw/X204SC22091430-Z01-F001/01.RawData/IG20NY039/IG20NY039_EKDN220033331-1A_H5J5MDSX5_L3_2.fq.gz
IG20NY040	1	/data/martin/genomics/raw/X204SC22091430-Z01-F001/01.RawData/IG20NY040/IG20NY040_EKDN220033332-1A_H5J5MDSX5_L3_1.fq.gz	/data/martin/genomics/raw/X204SC22091430-Z01-F001/01.RawData/IG20NY040/IG20NY040_EKDN220033332-1A_H5J5MDSX5_L3_2.fq.gz
IG20NY041	1	/data/martin/genomics/raw/X204SC22091430-Z01-F001/01.RawData/IG20NY041/IG20NY041_EKDN220033333-1A_H5J5MDSX5_L3_1.fq.gz	/data/martin/genomics/raw/X204SC22091430-Z01-F001/01.RawData/IG20NY041/IG20NY041_EKDN220033333-1A_H5J5MDSX5_L3_2.fq.gz
IG20NY042	1	/data/martin/genomics/raw/X204SC22091430-Z01-F001/01.RawData/IG20NY042/IG20NY042_EKDN220033334-1A_H5J5MDSX5_L3_1.fq.gz	/data/martin/genomics/raw/X204SC22091430-Z01-F001/01.RawData/IG20NY042/IG20NY042_EKDN220033334-1A_H5J5MDSX5_L3_2.fq.gz
IG20NY043	1	/data/martin/genomics/raw/X204SC22091430-Z01-F001/01.RawData/IG20NY043/IG20NY043_EKDN220033335-1A_H5J5MDSX5_L3_1.fq.gz	/data/martin/genomics/raw/X204SC22091430-Z01-F001/01.RawData/IG20NY043/IG20NY043_EKDN220033335-1A_H5J5MDSX5_L3_2.fq.gz
IG20NY045	1	/data/martin/genomics/raw/Novogene_Jan2022_X204SC22010740-Z01-F001/raw_data/IG20NY045/IG20NY045_EDSW220000292-2a_H23TWDSX3_L1_1.fq.gz	/data/martin/genomics/raw/Novogene_Jan2022_X204SC22010740-Z01-F001/raw_data/IG20NY045/IG20NY045_EDSW220000292-2a_H23TWDSX3_L1_2.fq.gz
IG20NY046	1	/data/martin/genomics/raw/X204SC22091430-Z01-F001/01.RawData/IG20NY046/IG20NY046_EKDN220033336-1A_H5J5MDSX5_L3_1.fq.gz	/data/martin/genomics/raw/X204SC22091430-Z01-F001/01.RawData/IG20NY046/IG20NY046_EKDN220033336-1A_H5J5MDSX5_L3_2.fq.gz
IG20NY047	1	/data/martin/genomics/raw/X204SC22091430-Z01-F001/01.RawData/IG20NY047/IG20NY047_EKDN220033337-1A_H5GL5DSX5_L3_1.fq.gz	/data/martin/genomics/raw/X204SC22091430-Z01-F001/01.RawData/IG20NY047/IG20NY047_EKDN220033337-1A_H5GL5DSX5_L3_2.fq.gz
IG20NY048	1	/data/martin/genomics/raw/X204SC22091430-Z01-F001/01.RawData/IG20NY048/IG20NY048_EKDN220033338-1A_H5J5MDSX5_L3_1.fq.gz	/data/martin/genomics/raw/X204SC22091430-Z01-F001/01.RawData/IG20NY048/IG20NY048_EKDN220033338-1A_H5J5MDSX5_L3_2.fq.gz
IG20NY049	1	/data/martin/genomics/raw/X204SC22091430-Z01-F001/01.RawData/IG20NY049/IG20NY049_EKDN220033339-1A_H5J5MDSX5_L3_1.fq.gz	/data/martin/genomics/raw/X204SC22091430-Z01-F001/01.RawData/IG20NY049/IG20NY049_EKDN220033339-1A_H5J5MDSX5_L3_2.fq.gz
IG20NY053	1	/data/martin/genomics/raw/X204SC22091430-Z01-F001/01.RawData/IG20NY053/IG20NY053_EKDN220033342-1A_H5J5MDSX5_L3_1.fq.gz	/data/martin/genomics/raw/X204SC22091430-Z01-F001/01.RawData/IG20NY053/IG20NY053_EKDN220033342-1A_H5J5MDSX5_L3_2.fq.gz
IG20NY054	1	/data/martin/genomics/raw/X204SC22091430-Z01-F001/01.RawData/IG20NY054/IG20NY054_EKDN220033343-1A_H5J5MDSX5_L3_1.fq.gz	/data/martin/genomics/raw/X204SC22091430-Z01-F001/01.RawData/IG20NY054/IG20NY054_EKDN220033343-1A_H5J5MDSX5_L3_2.fq.gz
IG20NY056	1	/data/martin/genomics/raw/X204SC22091430-Z01-F001/01.RawData/IG20NY056/IG20NY056_EKDN220033345-1A_H5J5MDSX5_L3_1.fq.gz	/data/martin/genomics/raw/X204SC22091430-Z01-F001/01.RawData/IG20NY056/IG20NY056_EKDN220033345-1A_H5J5MDSX5_L3_2.fq.gz
IG20NY057	1	/data/martin/genomics/raw/X204SC22091430-Z01-F001/01.RawData/IG20NY057/IG20NY057_EKDN220033346-1A_H5J5MDSX5_L3_1.fq.gz	/data/martin/genomics/raw/X204SC22091430-Z01-F001/01.RawData/IG20NY057/IG20NY057_EKDN220033346-1A_H5J5MDSX5_L3_2.fq.gz
IG20NY058	1	/data/martin/genomics/raw/X204SC22091430-Z01-F001/01.RawData/IG20NY058/IG20NY058_EKDN220033347-1A_H5J5MDSX5_L3_1.fq.gz	/data/martin/genomics/raw/X204SC22091430-Z01-F001/01.RawData/IG20NY058/IG20NY058_EKDN220033347-1A_H5J5MDSX5_L3_2.fq.gz
IG20NY060	1	/data/martin/genomics/raw/X204SC22091430-Z01-F001/01.RawData/IG20NY060/IG20NY060_EKDN220033348-1A_H5J5MDSX5_L3_1.fq.gz	/data/martin/genomics/raw/X204SC22091430-Z01-F001/01.RawData/IG20NY060/IG20NY060_EKDN220033348-1A_H5J5MDSX5_L3_2.fq.gz
IG20NY062	1	/data/martin/genomics/raw/X204SC22091430-Z01-F002/01.RawData/IG20NY062/IG20NY062_EKDN220033349-1A_H5F37DSX5_L1_1.fq.gz	/data/martin/genomics/raw/X204SC22091430-Z01-F002/01.RawData/IG20NY062/IG20NY062_EKDN220033349-1A_H5F37DSX5_L1_2.fq.gz
IG20NY062	2	/data/martin/genomics/raw/X204SC22091430-Z01-F002/01.RawData/IG20NY062/IG20NY062_EKDN220033349-1A_H5CKGDSX5_L1_1.fq.gz	/data/martin/genomics/raw/X204SC22091430-Z01-F002/01.RawData/IG20NY062/IG20NY062_EKDN220033349-1A_H5CKGDSX5_L1_2.fq.gz
IG20NY063	1	/data/martin/genomics/raw/X204SC22091430-Z01-F001/01.RawData/IG20NY063/IG20NY063_EKDN220033350-1A_H5J5MDSX5_L3_1.fq.gz	/data/martin/genomics/raw/X204SC22091430-Z01-F001/01.RawData/IG20NY063/IG20NY063_EKDN220033350-1A_H5J5MDSX5_L3_2.fq.gz
IG20NY066	1	/data/martin/genomics/raw/X204SC22091430-Z01-F002/01.RawData/IG20NY066/IG20NY066_EKDN220033351-1A_H5CKGDSX5_L1_1.fq.gz	/data/martin/genomics/raw/X204SC22091430-Z01-F002/01.RawData/IG20NY066/IG20NY066_EKDN220033351-1A_H5CKGDSX5_L1_2.fq.gz
RB20110	1	/data/martin/genomics/raw/Novogene_July2021_X204SC21061727/raw_data/RB20110/RB20110_EDSW210008701-1a_HHJKGDSX2_L1_1.fq.gz	/data/martin/genomics/raw/Novogene_July2021_X204SC21061727/raw_data/RB20110/RB20110_EDSW210008701-1a_HHJKGDSX2_L1_2.fq.gz
SM16K567	1	/data/martin/genomics/raw/Novogene_danaus2017/SM16K567/K567_DSW31520_HF5KHALXX_L4_1.fq.gz	/data/martin/genomics/raw/Novogene_danaus2017/SM16K567/K567_DSW31520_HF5KHALXX_L4_2.fq.gz
SM16K567	2	/data/martin/genomics/raw/Novogene_danaus2017/SM16K567/K567_DSW31520_HF5YNALXX_L2_1.fq.gz	/data/martin/genomics/raw/Novogene_danaus2017/SM16K567/K567_DSW31520_HF5YNALXX_L2_2.fq.gz
SM16K570	1	/data/martin/genomics/raw/Novogene_danaus2017/SM16K570/K570_DSW31521_HF5KHALXX_L8_1.fq.gz	/data/martin/genomics/raw/Novogene_danaus2017/SM16K570/K570_DSW31521_HF5KHALXX_L8_2.fq.gz
SM16K570	2	/data/martin/genomics/raw/Novogene_danaus2017/SM16K570/K570_DSW31521_HF5YNALXX_L2_1.fq.gz	/data/martin/genomics/raw/Novogene_danaus2017/SM16K570/K570_DSW31521_HF5YNALXX_L2_2.fq.gz
SM16K571	1	/data/martin/genomics/raw/Novogene_August2017_C101HW17060384/SM16K571/SM16K571_DSW44974_H33LTCCXY_L2_1.clean.fq.gz	/data/martin/genomics/raw/Novogene_August2017_C101HW17060384/SM16K571/SM16K571_DSW44974_H33LTCCXY_L2_2.clean.fq.gz
SM16K577	1	/data/martin/genomics/raw/Novogene_danaus2017/SM16K577/K577_DSW31522_HF737ALXX_L8_1.fq.gz	/data/martin/genomics/raw/Novogene_danaus2017/SM16K577/K577_DSW31522_HF737ALXX_L8_2.fq.gz
SM16K580	1	/data/martin/genomics/raw/Novogene_August2017_C101HW17060384/SM16K580/SM16K580_DSW44983_H355CCCXY_L3_1.clean.fq.gz	/data/martin/genomics/raw/Novogene_August2017_C101HW17060384/SM16K580/SM16K580_DSW44983_H355CCCXY_L3_2.clean.fq.gz
SM16K584	1	/data/martin/genomics/raw/Novogene_August2017_C101HW17060384/SM16K584/SM16K584_DSW44973-1_H52M7CCXY_L3_1.clean.fq.gz	/data/martin/genomics/raw/Novogene_August2017_C101HW17060384/SM16K584/SM16K584_DSW44973-1_H52M7CCXY_L3_2.clean.fq.gz
SM16K584	2	/data/martin/genomics/raw/Novogene_August2017_C101HW17060384/SM16K584/SM16K584_DSW44973-1_H2YVNCCXY_L5_1.clean.fq.gz	/data/martin/genomics/raw/Novogene_August2017_C101HW17060384/SM16K584/SM16K584_DSW44973-1_H2YVNCCXY_L5_2.clean.fq.gz
SM16K585	1	/data/martin/genomics/raw/Novogene_danaus2017/SM16K585/K585_DSW31523_HF5KHALXX_L8_1.fq.gz	/data/martin/genomics/raw/Novogene_danaus2017/SM16K585/K585_DSW31523_HF5KHALXX_L8_2.fq.gz
SM16K585	2	/data/martin/genomics/raw/Novogene_danaus2017/SM16K585/K585_DSW31523_HF5YNALXX_L2_1.fq.gz	/data/martin/genomics/raw/Novogene_danaus2017/SM16K585/K585_DSW31523_HF5YNALXX_L2_2.fq.gz
SM16K618	1	/data/martin/genomics/raw/Novogene_August2017_C101HW17060384/SM16K618/SM16K618_DSW44969_H33LTCCXY_L2_1.clean.fq.gz	/data/martin/genomics/raw/Novogene_August2017_C101HW17060384/SM16K618/SM16K618_DSW44969_H33LTCCXY_L2_2.clean.fq.gz
SM16K620	1	/data/martin/genomics/raw/Novogene_August2017_C101HW17060384/SM16K620/SM16K620_DSW44967_H33LTCCXY_L2_1.clean.fq.gz	/data/martin/genomics/raw/Novogene_August2017_C101HW17060384/SM16K620/SM16K620_DSW44967_H33LTCCXY_L2_2.clean.fq.gz
SM16K622	1	/data/martin/genomics/raw/Novogene_August2017_C101HW17060384/SM16K622/SM16K622_DSW44988_H355CCCXY_L3_1.clean.fq.gz	/data/martin/genomics/raw/Novogene_August2017_C101HW17060384/SM16K622/SM16K622_DSW44988_H355CCCXY_L3_2.clean.fq.gz
SM16K626	1	/data/martin/genomics/raw/Novogene_danaus2017/SM16K626/K626_DSW31524_HF5YNALXX_L2_1.fq.gz	/data/martin/genomics/raw/Novogene_danaus2017/SM16K626/K626_DSW31524_HF5YNALXX_L2_2.fq.gz
SM16K626	2	/data/martin/genomics/raw/Novogene_danaus2017/SM16K626/K626_DSW31524_HF5KHALXX_L8_1.fq.gz	/data/martin/genomics/raw/Novogene_danaus2017/SM16K626/K626_DSW31524_HF5KHALXX_L8_2.fq.gz
SM16K627	1	/data/martin/genomics/raw/Novogene_danaus2017/SM16K627/K627_DSW31525_HF737ALXX_L8_1.fq.gz	/data/martin/genomics/raw/Novogene_danaus2017/SM16K627/K627_DSW31525_HF737ALXX_L8_2.fq.gz
SM16K628	1	/data/martin/genomics/raw/Novogene_August2017_C101HW17060384/SM16K628/SM16K628_DSW44985_H355CCCXY_L3_1.clean.fq.gz	/data/martin/genomics/raw/Novogene_August2017_C101HW17060384/SM16K628/SM16K628_DSW44985_H355CCCXY_L3_2.clean.fq.gz
SM16K630	1	/data/martin/genomics/raw/Novogene_August2017_C101HW17060384/SM16K630/SM16K630_DSW44972_H33LTCCXY_L2_1.clean.fq.gz	/data/martin/genomics/raw/Novogene_August2017_C101HW17060384/SM16K630/SM16K630_DSW44972_H33LTCCXY_L2_2.clean.fq.gz
SM16K631	1	/data/martin/genomics/raw/Novogene_August2017_C101HW17060384/SM16K631/SM16K631_DSW44984_H355CCCXY_L3_1.clean.fq.gz	/data/martin/genomics/raw/Novogene_August2017_C101HW17060384/SM16K631/SM16K631_DSW44984_H355CCCXY_L3_2.clean.fq.gz
SM16K633	1	/data/martin/genomics/raw/Novogene_August2017_C101HW17060384/SM16K633/SM16K633_DSW44986_H355CCCXY_L3_1.clean.fq.gz	/data/martin/genomics/raw/Novogene_August2017_C101HW17060384/SM16K633/SM16K633_DSW44986_H355CCCXY_L3_2.clean.fq.gz
SM16K634	1	/data/martin/genomics/raw/Novogene_August2017_C101HW17060384/SM16K634/SM16K634_DSW44987_H355CCCXY_L3_1.clean.fq.gz	/data/martin/genomics/raw/Novogene_August2017_C101HW17060384/SM16K634/SM16K634_DSW44987_H355CCCXY_L3_2.clean.fq.gz
SM16K641	1	/data/martin/genomics/raw/Novogene_August2017_C101HW17060384/SM16K641/SM16K641_DSW44965_H3533CCXY_L5_1.clean.fq.gz	/data/martin/genomics/raw/Novogene_August2017_C101HW17060384/SM16K641/SM16K641_DSW44965_H3533CCXY_L5_2.clean.fq.gz
ABRI183097	1	/data/martin/genomics/raw/Novogene_Jan2021_H204SC20113207/X204SC20113207-Z01-F001/raw_data/ABRI183097/ABRI183097_EDSW200018989-1a_HK55TDSXY_L1_1.fq.gz	/data/martin/genomics/raw/Novogene_Jan2021_H204SC20113207/X204SC20113207-Z01-F001/raw_data/ABRI183097/ABRI183097_EDSW200018989-1a_HK55TDSXY_L1_2.fq.gz
SM16L05	1	/data/martin/genomics/raw/Novogene_Sep2019_C201SC19060075/SM16L05/SM16L05_UKDSW02206_HGV2GDSXX_L4_1.fq.gz	/data/martin/genomics/raw/Novogene_Sep2019_C201SC19060075/SM16L05/SM16L05_UKDSW02206_HGV2GDSXX_L4_2.fq.gz
SM19M009	1	/data/martin/genomics/raw/Novogene_Jan2020_H204SC19123472/SM19M009/SM19M009_EDSW200000310-1a_HYGJVDSXX_L2_1.fq.gz	/data/martin/genomics/raw/Novogene_Jan2020_H204SC19123472/SM19M009/SM19M009_EDSW200000310-1a_HYGJVDSXX_L2_2.fq.gz
SM19M015	1	/data/martin/genomics/raw/Novogene_Jan2020_H204SC19123472/SM19M015/SM19M015_EDSW200000311-1a_HYGJVDSXX_L2_1.fq.gz	/data/martin/genomics/raw/Novogene_Jan2020_H204SC19123472/SM19M015/SM19M015_EDSW200000311-1a_HYGJVDSXX_L2_2.fq.gz
SM19M019	1	/data/martin/genomics/raw/Novogene_Jan2020_H204SC19123472/SM19M019/SM19M019_EDSW200000312-1a_HYGJVDSXX_L2_1.fq.gz	/data/martin/genomics/raw/Novogene_Jan2020_H204SC19123472/SM19M019/SM19M019_EDSW200000312-1a_HYGJVDSXX_L2_2.fq.gz
SM19M020	1	/data/martin/genomics/raw/Novogene_Jan2020_H204SC19123472/SM19M020/SM19M020_EDSW200000313-1a_HYGJVDSXX_L2_1.fq.gz	/data/martin/genomics/raw/Novogene_Jan2020_H204SC19123472/SM19M020/SM19M020_EDSW200000313-1a_HYGJVDSXX_L2_2.fq.gz
SM19M021	1	/data/martin/genomics/raw/Novogene_Jan2021_H204SC20113207/X204SC20113207-Z01-F001/raw_data/SM19M021/SM19M021_EDSW200018988-1a_HK55TDSXY_L1_1.fq.gz	/data/martin/genomics/raw/Novogene_Jan2021_H204SC20113207/X204SC20113207-Z01-F001/raw_data/SM19M021/SM19M021_EDSW200018988-1a_HK55TDSXY_L1_2.fq.gz
SM19M025	1	/data/martin/genomics/raw/X204SC22091430-Z01-F001/01.RawData/SM19M025/SM19M025_EKDN220033293-1A_H5GL5DSX5_L3_1.fq.gz	/data/martin/genomics/raw/X204SC22091430-Z01-F001/01.RawData/SM19M025/SM19M025_EKDN220033293-1A_H5GL5DSX5_L3_2.fq.gz
SM19M026	1	/data/martin/genomics/raw/X204SC22091430-Z01-F002/01.RawData/SM19M026/SM19M026_EKDN220033294-1A_H3YGMDSX5_L4_1.fq.gz	/data/martin/genomics/raw/X204SC22091430-Z01-F002/01.RawData/SM19M026/SM19M026_EKDN220033294-1A_H3YGMDSX5_L4_2.fq.gz
SM19M027	1	/data/martin/genomics/raw/X204SC22091430-Z01-F002/01.RawData/SM19M027/SM19M027_EKDN220033295-1A_H7WKWDSX5_L4_1.fq.gz	/data/martin/genomics/raw/X204SC22091430-Z01-F002/01.RawData/SM19M027/SM19M027_EKDN220033295-1A_H7WKWDSX5_L4_2.fq.gz
SM19M027	2	/data/martin/genomics/raw/X204SC22091430-Z01-F002/01.RawData/SM19M027/SM19M027_EKDN220033295-1A_H3YGMDSX5_L4_1.fq.gz	/data/martin/genomics/raw/X204SC22091430-Z01-F002/01.RawData/SM19M027/SM19M027_EKDN220033295-1A_H3YGMDSX5_L4_2.fq.gz
SM19M030	1	/data/martin/genomics/raw/X204SC22091430-Z01-F002/01.RawData/SM19M030/SM19M030_EKDN220033296-1A_H3YGMDSX5_L4_1.fq.gz	/data/martin/genomics/raw/X204SC22091430-Z01-F002/01.RawData/SM19M030/SM19M030_EKDN220033296-1A_H3YGMDSX5_L4_2.fq.gz
SM19M030	2	/data/martin/genomics/raw/X204SC22091430-Z01-F002/01.RawData/SM19M030/SM19M030_EKDN220033296-1A_H7WKWDSX5_L4_1.fq.gz	/data/martin/genomics/raw/X204SC22091430-Z01-F002/01.RawData/SM19M030/SM19M030_EKDN220033296-1A_H7WKWDSX5_L4_2.fq.gz
SM19M036	1	/data/martin/genomics/raw/Novogene_Jan2021_H204SC20113207/X204SC20113207-Z01-F001/raw_data/SM19M036/SM19M036_EDSW200018983-1a_HK55TDSXY_L1_1.fq.gz	/data/martin/genomics/raw/Novogene_Jan2021_H204SC20113207/X204SC20113207-Z01-F001/raw_data/SM19M036/SM19M036_EDSW200018983-1a_HK55TDSXY_L1_2.fq.gz
SM19M038	1	/data/martin/genomics/raw/X204SC22091430-Z01-F001/01.RawData/SM19M038/SM19M038_EKDN220033297-1A_H5GL5DSX5_L3_1.fq.gz	/data/martin/genomics/raw/X204SC22091430-Z01-F001/01.RawData/SM19M038/SM19M038_EKDN220033297-1A_H5GL5DSX5_L3_2.fq.gz
SM19M042	1	/data/martin/genomics/raw/X204SC22091430-Z01-F002/01.RawData/SM19M042/SM19M042_EKDN220033298-1A_H3YGMDSX5_L4_1.fq.gz	/data/martin/genomics/raw/X204SC22091430-Z01-F002/01.RawData/SM19M042/SM19M042_EKDN220033298-1A_H3YGMDSX5_L4_2.fq.gz
SM19M042	2	/data/martin/genomics/raw/X204SC22091430-Z01-F002/01.RawData/SM19M042/SM19M042_EKDN220033298-1A_H7WKWDSX5_L4_1.fq.gz	/data/martin/genomics/raw/X204SC22091430-Z01-F002/01.RawData/SM19M042/SM19M042_EKDN220033298-1A_H7WKWDSX5_L4_2.fq.gz
SM19M043	1	/data/martin/genomics/raw/X204SC22091430-Z01-F002/01.RawData/SM19M043/SM19M043_EKDN220033299-1A_H7WKWDSX5_L4_1.fq.gz	/data/martin/genomics/raw/X204SC22091430-Z01-F002/01.RawData/SM19M043/SM19M043_EKDN220033299-1A_H7WKWDSX5_L4_2.fq.gz
SM19M043	2	/data/martin/genomics/raw/X204SC22091430-Z01-F002/01.RawData/SM19M043/SM19M043_EKDN220033299-1A_H3YGMDSX5_L4_1.fq.gz	/data/martin/genomics/raw/X204SC22091430-Z01-F002/01.RawData/SM19M043/SM19M043_EKDN220033299-1A_H3YGMDSX5_L4_2.fq.gz
SM19M044	1	/data/martin/genomics/raw/X204SC22091430-Z01-F002/01.RawData/SM19M044/SM19M044_EKDN220033300-1A_H7WKWDSX5_L4_1.fq.gz	/data/martin/genomics/raw/X204SC22091430-Z01-F002/01.RawData/SM19M044/SM19M044_EKDN220033300-1A_H7WKWDSX5_L4_2.fq.gz
SM19M044	2	/data/martin/genomics/raw/X204SC22091430-Z01-F002/01.RawData/SM19M044/SM19M044_EKDN220033300-1A_H3YGMDSX5_L4_1.fq.gz	/data/martin/genomics/raw/X204SC22091430-Z01-F002/01.RawData/SM19M044/SM19M044_EKDN220033300-1A_H3YGMDSX5_L4_2.fq.gz
SM19M045	1	/data/martin/genomics/raw/X204SC22091430-Z01-F001/01.RawData/SM19M045/SM19M045_EKDN220033301-1A_H5GL5DSX5_L3_1.fq.gz	/data/martin/genomics/raw/X204SC22091430-Z01-F001/01.RawData/SM19M045/SM19M045_EKDN220033301-1A_H5GL5DSX5_L3_2.fq.gz
SM19M051	1	/data/martin/genomics/raw/X204SC22091430-Z01-F002/01.RawData/SM19M051/SM19M051_EKDN220033302-1A_H3YGMDSX5_L4_1.fq.gz	/data/martin/genomics/raw/X204SC22091430-Z01-F002/01.RawData/SM19M051/SM19M051_EKDN220033302-1A_H3YGMDSX5_L4_2.fq.gz
SM19M056	1	/data/martin/genomics/raw/Novogene_Jan2020_H204SC19123472/SM19M056/SM19M056_EDSW200000314-1a_HYGJVDSXX_L2_1.fq.gz	/data/martin/genomics/raw/Novogene_Jan2020_H204SC19123472/SM19M056/SM19M056_EDSW200000314-1a_HYGJVDSXX_L2_2.fq.gz
SM17X01	1	/data/martin/genomics/raw/Novogene_August2017_C101HW17060384/SM17X01/SM17X01_DSW44990_H355CCCXY_L3_1.clean.fq.gz	/data/martin/genomics/raw/Novogene_August2017_C101HW17060384/SM17X01/SM17X01_DSW44990_H355CCCXY_L3_2.clean.fq.gz
MB17501	1	/data/martin/genomics/raw/Novogene_Sep2019_C201SC19060075/MB17501/MB17501_UKDSW02201_HGV2GDSXX_L2_1.fq.gz	/data/martin/genomics/raw/Novogene_Sep2019_C201SC19060075/MB17501/MB17501_UKDSW02201_HGV2GDSXX_L2_2.fq.gz
MB17502	1	/data/martin/genomics/raw/Novogene_Sep2019_C201SC19060075/MB17502/MB17502_UKDSW02202_HGV2GDSXX_L2_1.fq.gz	/data/martin/genomics/raw/Novogene_Sep2019_C201SC19060075/MB17502/MB17502_UKDSW02202_HGV2GDSXX_L2_2.fq.gz
MB17503	1	/data/martin/genomics/raw/Novogene_Sep2019_C201SC19060075/MB17503/MB17503_UKDSW02203_HGV2GDSXX_L2_1.fq.gz	/data/martin/genomics/raw/Novogene_Sep2019_C201SC19060075/MB17503/MB17503_UKDSW02203_HGV2GDSXX_L2_2.fq.gz
MB17507	1	/data/martin/genomics/raw/Novogene_Sep2019_C201SC19060075/MB17507/MB17507_UKDSW02204_HGV2GDSXX_L4_1.fq.gz	/data/martin/genomics/raw/Novogene_Sep2019_C201SC19060075/MB17507/MB17507_UKDSW02204_HGV2GDSXX_L4_2.fq.gz
MB17521	2	/data/martin/genomics/raw/Novogene_Sep2019_C201SC19060075/MB17521/MB17521_UKDSW02205_HGV2GDSXX_L4_1.fq.gz	/data/martin/genomics/raw/Novogene_Sep2019_C201SC19060075/MB17521/MB17521_UKDSW02205_HGV2GDSXX_L4_2.fq.gz
SM18S10	1	/data/martin/genomics/raw/Novogene_Sep2019_C201SC19060075/SM18S10/SM18S10_UKDSW02199_HGV2GDSXX_L2_1.first40M.fq.gz	/data/martin/genomics/raw/Novogene_Sep2019_C201SC19060075/SM18S10/SM18S10_UKDSW02199_HGV2GDSXX_L2_2.first40M.fq.gz
MB18102	1	/data/martin/genomics/raw/Novogene_Jan2021_H204SC20113207/X204SC20113207-Z01-F001/raw_data/MB18102/MB18102_EDSW200018990-1a_HK55TDSXY_L1_1.fq.gz	/data/martin/genomics/raw/Novogene_Jan2021_H204SC20113207/X204SC20113207-Z01-F001/raw_data/MB18102/MB18102_EDSW200018990-1a_HK55TDSXY_L1_2.fq.gz
MB18102	1	/data/martin/genomics/raw/Novogene_Jan2020_H204SC19123472/MB18102/MB18102_EDSW200000317-1a_HYGJVDSXX_L2_1.fq.gz	/data/martin/genomics/raw/Novogene_Jan2020_H204SC19123472/MB18102/MB18102_EDSW200000317-1a_HYGJVDSXX_L2_2.fq.gz
MB18103	1	/data/martin/genomics/raw/EdGe_17260_Sep2021/17260_Martin_Simon/custom-demultiplex-2_210903_A00291_0383_BHCYNNDRXY/MB18103.17260_L2.R1.fastq.gz	/data/martin/genomics/raw/EdGe_17260_Sep2021/17260_Martin_Simon/custom-demultiplex-2_210903_A00291_0383_BHCYNNDRXY/MB18103.17260_L2.R2.fastq.gz
MB18111	1	/data/martin/genomics/raw/Novogene_Sep2019_C201SC19060075/MB18111/MB18111_UKDSW02198-1_HJ2JWDSXX_L3_1.first40M.fq.gz	/data/martin/genomics/raw/Novogene_Sep2019_C201SC19060075/MB18111/MB18111_UKDSW02198-1_HJ2JWDSXX_L3_2.first40M.fq.gz
AB19401	1	/data/martin/genomics/raw/Novogene_Jan2020_H204SC19123472/AB19401/AB19401_EDSW200000316-1a_HYGJVDSXX_L2_1.fq.gz	/data/martin/genomics/raw/Novogene_Jan2020_H204SC19123472/AB19401/AB19401_EDSW200000316-1a_HYGJVDSXX_L2_2.fq.gz
SB21102	1	/data/martin/genomics/raw/EdGe_17260_Sep2021/17260_Martin_Simon/raw_data/20210917/SB21102/210903_A00291_0383_BHCYNNDRXY_2_17260MS0017L01_1.fastq.gz	/data/martin/genomics/raw/EdGe_17260_Sep2021/17260_Martin_Simon/raw_data/20210917/SB21102/210903_A00291_0383_BHCYNNDRXY_2_17260MS0017L01_2.fastq.gz
SB21102	2	/data/martin/genomics/raw/EdGe_17260_Sep2021/17260_Martin_Simon/raw_data/20210917/SB21102/210903_A00291_0383_BHCYNNDRXY_2_17260MS0017L02_1.fastq.gz	/data/martin/genomics/raw/EdGe_17260_Sep2021/17260_Martin_Simon/raw_data/20210917/SB21102/210903_A00291_0383_BHCYNNDRXY_2_17260MS0017L02_2.fastq.gz
SB21102	3	/data/martin/genomics/raw/EdGe_17260_Sep2021/17260_Martin_Simon/raw_data/20210917/SB21102/210903_A00291_0383_BHCYNNDRXY_2_17260MS0017L03_1.fastq.gz	/data/martin/genomics/raw/EdGe_17260_Sep2021/17260_Martin_Simon/raw_data/20210917/SB21102/210903_A00291_0383_BHCYNNDRXY_2_17260MS0017L03_2.fastq.gz
SB21102	4	/data/martin/genomics/raw/EdGe_17260_Sep2021/17260_Martin_Simon/raw_data/20210917/SB21102/210903_A00291_0383_BHCYNNDRXY_2_17260MS0017L04_1.fastq.gz	/data/martin/genomics/raw/EdGe_17260_Sep2021/17260_Martin_Simon/raw_data/20210917/SB21102/210903_A00291_0383_BHCYNNDRXY_2_17260MS0017L04_2.fastq.gz
RG28754	1	/data/martin/genomics/raw/Danaus_Iridian/SRR6930650_mln_RG28754_1.fastq.gz	/data/martin/genomics/raw/Danaus_Iridian/SRR6930650_mln_RG28754_2.fastq.gz
